state,county,pop_estimate
1,0,4921532
1,1,56145
1,3,229287
1,5,24589
1,7,22136
1,9,57879
1,11,9976
1,13,19504
1,15,113469
1,17,32865
1,19,26294
1,21,44397
1,23,12418
1,25,23291
1,27,13112
1,29,14967
1,31,53230
1,33,55411
1,35,11851
1,37,10650
1,39,36930
1,41,13681
1,43,84515
1,45,48959
1,47,36098
1,49,71658
1,51,82158
1,53,36281
1,55,102371
1,57,16241
1,59,31507
1,61,26411
1,63,7990
1,65,14670
1,67,17223
1,69,106580
1,71,51582
1,73,655342
1,75,13764
1,77,93368
1,79,32857
1,81,166831
1,83,102228
1,85,9641
1,87,17895
1,89,379453
1,91,18733
1,93,29703
1,95,96990
1,97,412716
1,99,20459
1,101,224639
1,103,119883
1,105,8687
1,107,19793
1,109,32966
1,111,22920
1,113,58237
1,115,90739
1,117,221428
1,119,12225
1,121,79985
1,123,40133
1,125,210758
1,127,63143
1,129,15976
1,131,10206
1,133,23508
2,0,731158
2,13,3401
2,16,5680
2,20,287095
2,50,18437
2,60,788
2,63,6427
2,66,2919
2,68,2081
2,70,4833
2,90,95651
2,100,2614
2,105,2141
2,110,31849
2,122,59414
2,130,13747
2,150,12992
2,158,8328
2,164,1493
2,170,110213
2,180,9909
2,185,9294
2,188,7644
2,195,3296
2,198,6147
2,220,8405
2,230,1179
2,240,6957
2,275,2510
2,282,637
2,290,5077
4,0,7421401
4,1,71875
4,3,127450
4,5,142481
4,7,54303
4,9,39211
4,11,9341
4,12,21480
4,13,4579081
4,15,217206
4,17,112112
4,19,1061175
4,21,480828
4,23,46808
4,25,240226
4,27,217824
5,0,3030522
5,1,17383
5,3,19339
5,5,42242
5,7,288774
5,9,37625
5,11,10639
5,13,5113
5,15,28276
5,17,9924
5,19,22103
5,21,14375
5,23,24935
5,25,7957
5,27,23331
5,29,21037
5,31,112245
5,33,63409
5,35,47616
5,37,16142
5,39,6802
5,41,11110
5,43,17977
5,45,126919
5,47,17897
5,49,12381
5,51,99789
5,53,18449
5,55,45597
5,57,21253
5,59,33787
5,61,13109
5,63,37757
5,65,13613
5,67,16636
5,69,65377
5,71,26513
5,73,6596
5,75,16410
5,77,8513
5,79,12944
5,81,12180
5,83,21410
5,85,73921
5,87,16644
5,89,16790
5,91,43177
5,93,40066
5,95,6584
5,97,9006
5,99,8099
5,101,7602
5,103,23167
5,105,10327
5,107,17299
5,109,10643
5,111,23283
5,113,19707
5,115,64334
5,117,7966
5,119,392980
5,121,18247
5,123,24682
5,125,123968
5,127,10164
5,129,7842
5,131,127590
5,133,16702
5,135,17424
5,137,12674
5,139,38219
5,141,16541
5,143,243216
5,145,78729
5,147,6264
5,149,21181
6,0,39368078
6,1,1662323
6,3,1119
6,5,40083
6,7,212744
6,9,46308
6,11,21558
6,13,1152333
6,15,27968
6,17,192925
6,19,1000918
6,21,28283
6,23,134977
6,25,180267
6,27,18046
6,29,901362
6,31,152692
6,33,64479
6,35,30016
6,37,9943046
6,39,157761
6,41,257332
6,43,17160
6,45,86061
6,47,279252
6,49,8763
6,51,14534
6,53,430906
6,55,135965
6,57,99606
6,59,3166857
6,61,402950
6,63,18967
6,65,2489188
6,67,1559146
6,69,64055
6,71,2189183
6,73,3332427
6,75,866606
6,77,767967
6,79,282249
6,81,758308
6,83,444766
6,85,1907105
6,87,269925
6,89,179027
6,91,2920
6,93,43245
6,95,446935
6,97,489819
6,99,550081
6,101,96385
6,103,64494
6,105,12216
6,107,468680
6,109,54515
6,111,841387
6,113,219728
6,115,80160
8,0,5807719
8,1,519883
8,3,16180
8,5,657452
8,7,14196
8,9,3555
8,11,5356
8,13,327171
8,14,72236
8,15,20661
8,17,1795
8,19,9586
8,21,8143
8,23,3921
8,25,5696
8,27,5183
8,29,31067
8,31,735538
8,33,2096
8,35,360750
8,37,54929
8,39,27313
8,41,728310
8,43,47867
8,45,60366
8,47,6235
8,49,15794
8,51,17593
8,53,808
8,55,6883
8,57,1389
8,59,583283
8,61,1458
8,63,7121
8,65,7987
8,67,56564
8,69,360428
8,71,14420
8,73,5680
8,75,21974
8,77,155603
8,79,773
8,81,13144
8,83,26408
8,85,43322
8,87,28941
8,89,18201
8,91,5001
8,93,18955
8,95,4367
8,97,17894
8,99,12106
8,101,169823
8,103,6342
8,105,11296
8,107,25560
8,109,6938
8,111,748
8,113,8105
8,115,2260
8,117,30631
8,119,25529
8,121,4875
8,123,333983
8,125,10047
9,0,3557006
9,1,942426
9,3,889226
9,5,179610
9,7,161657
9,9,851948
9,11,264999
9,13,150600
9,15,116540
10,0,986809
10,1,183643
10,3,561531
10,5,241635
11,0,712816
11,1,712816
12,0,21733312
12,1,271218
12,3,29566
12,5,171322
12,7,28593
12,9,608459
12,11,1958105
12,13,14078
12,15,194711
12,17,153010
12,19,221770
12,21,392973
12,23,72654
12,27,38520
12,29,17057
12,31,966728
12,33,322364
12,35,118451
12,37,12201
12,39,45277
12,41,18885
12,43,14198
12,45,13534
12,47,14521
12,49,26822
12,51,42813
12,53,198792
12,55,106639
12,57,1497957
12,59,19594
12,61,162518
12,63,46085
12,65,14543
12,67,8482
12,69,375492
12,71,790767
12,73,295460
12,75,42214
12,77,8364
12,79,18707
12,81,411219
12,83,373513
12,85,162088
12,86,2707303
12,87,73900
12,89,91113
12,91,212820
12,93,42297
12,95,1404396
12,97,385315
12,99,1507600
12,101,570412
12,103,976802
12,105,744552
12,107,74815
12,109,278715
12,111,337186
12,113,189139
12,115,443465
12,117,474171
12,119,139018
12,121,44851
12,123,21600
12,125,15182
12,127,561497
12,129,34319
12,131,76648
12,133,25932
13,0,10710017
13,1,18325
13,3,8393
13,5,11036
13,7,2971
13,9,45099
13,11,19352
13,13,85588
13,15,109426
13,17,16614
13,19,19408
13,21,152737
13,23,12955
13,25,19202
13,27,15357
13,29,40755
13,31,80839
13,33,22648
13,35,25426
13,37,6231
13,39,55388
13,43,10985
13,45,121633
13,47,67996
13,49,13430
13,51,289463
13,53,10551
13,55,24843
13,57,265274
13,59,127795
13,61,2866
13,63,292646
13,65,6582
13,67,762944
13,69,43218
13,71,45542
13,73,160377
13,75,17291
13,77,150849
13,79,12231
13,81,22034
13,83,16057
13,85,27113
13,87,26457
13,89,762009
13,91,20452
13,93,13174
13,95,86477
13,97,147988
13,99,10037
13,101,4002
13,103,65765
13,105,19335
13,107,22507
13,109,10638
13,111,26521
13,113,115821
13,115,98604
13,117,250847
13,119,23504
13,121,1077402
13,123,31978
13,125,2984
13,127,85568
13,129,58780
13,131,24491
13,133,18837
13,135,942627
13,137,46047
13,139,206591
13,141,8494
13,143,30383
13,145,36080
13,147,26406
13,149,11973
13,151,239139
13,153,160110
13,155,9387
13,157,76199
13,159,14483
13,161,15213
13,163,15267
13,165,8746
13,167,9667
13,169,28787
13,171,19261
13,173,10737
13,175,47512
13,177,30234
13,179,63004
13,181,8031
13,183,20171
13,185,118268
13,187,34186
13,189,21162
13,191,14387
13,193,12712
13,195,30457
13,197,8516
13,199,21164
13,201,5622
13,205,21602
13,207,28042
13,209,9012
13,211,19636
13,213,40032
13,215,196442
13,217,113295
13,219,41124
13,221,15383
13,223,173359
13,225,27950
13,227,33127
13,229,19522
13,231,19121
13,233,42840
13,235,11191
13,237,22520
13,239,2271
13,241,17273
13,243,6682
13,245,202079
13,247,90939
13,249,5196
13,251,14012
13,253,8060
13,255,67414
13,257,26107
13,259,6689
13,261,29282
13,263,6143
13,265,1562
13,267,25365
13,269,8074
13,271,15781
13,273,8523
13,275,44372
13,277,40719
13,279,26973
13,281,12247
13,283,6822
13,285,70214
13,287,7882
13,289,8103
13,291,25358
13,293,26527
13,295,70116
13,297,96875
13,299,35826
13,301,5232
13,303,20150
13,305,30023
13,307,2595
13,309,7751
13,311,31094
13,313,103837
13,315,8502
13,317,9694
13,319,8812
13,321,19972
15,0,1407006
15,1,203340
15,3,963826
15,5,87
15,7,71851
15,9,167902
16,0,1826913
16,1,494399
16,3,4447
16,5,88795
16,7,6143
16,9,9430
16,11,47202
16,13,23426
16,15,8065
16,17,46817
16,19,122134
16,21,12656
16,23,2646
16,25,1130
16,27,237053
16,29,7123
16,31,24277
16,33,852
16,35,8846
16,37,4249
16,39,27448
16,41,14215
16,43,13218
16,45,18703
16,47,15618
16,49,16823
16,51,30581
16,53,24578
16,55,170628
16,57,40830
16,59,8054
16,61,3838
16,63,5358
16,65,40318
16,67,21216
16,69,40755
16,71,4520
16,73,12133
16,75,24771
16,77,7643
16,79,12911
16,81,12501
16,83,88411
16,85,11792
16,87,10360
17,0,12587530
17,1,64783
17,3,5497
17,5,16262
17,7,52777
17,9,6546
17,11,32303
17,13,4616
17,15,14241
17,17,11925
17,19,209192
17,21,32075
17,23,15268
17,25,13079
17,27,37398
17,29,50383
17,31,5108284
17,33,18512
17,35,10649
17,37,104491
17,39,15368
17,41,19510
17,43,917481
17,45,16858
17,47,6356
17,49,34065
17,51,21264
17,53,12949
17,55,38060
17,57,33690
17,59,4793
17,61,12702
17,63,50993
17,65,8084
17,67,17422
17,69,3808
17,71,6535
17,73,48411
17,75,26711
17,77,56675
17,79,9465
17,81,37235
17,83,21616
17,85,21239
17,87,12358
17,89,531010
17,91,108594
17,93,130638
17,95,49053
17,97,693593
17,99,107571
17,101,15467
17,103,33647
17,105,35414
17,107,28383
17,109,29295
17,111,305888
17,113,171256
17,115,103015
17,117,44567
17,119,262635
17,121,37045
17,123,11309
17,125,13173
17,127,13636
17,129,12068
17,131,15225
17,133,34739
17,135,28045
17,137,33400
17,139,14347
17,141,50306
17,143,177652
17,145,20664
17,147,16355
17,149,15239
17,151,4142
17,153,5201
17,155,5716
17,157,31351
17,159,15507
17,161,140907
17,163,258046
17,165,23182
17,167,193882
17,169,6738
17,171,4950
17,173,21299
17,175,5262
17,177,43831
17,179,130777
17,181,16498
17,183,74855
17,185,11190
17,187,16696
17,189,13764
17,191,16031
17,193,13364
17,195,54656
17,197,688726
17,199,66415
17,201,281295
17,203,38091
18,0,6754953
18,1,35839
18,3,382187
18,5,84447
18,7,8741
18,9,11782
18,11,69347
18,13,15112
18,15,20228
18,17,37388
18,19,119266
18,21,26246
18,23,32206
18,25,10629
18,27,33505
18,29,49824
18,31,26584
18,33,43670
18,35,113454
18,37,42542
18,39,206161
18,41,22892
18,43,78936
18,45,16511
18,47,22761
18,49,20018
18,51,33825
18,53,65225
18,55,32203
18,57,344238
18,59,79553
18,61,40682
18,63,173251
18,65,48033
18,67,82732
18,69,36395
18,71,44222
18,73,33440
18,75,20416
18,77,32110
18,79,27515
18,81,160607
18,83,36522
18,85,78988
18,87,40119
18,89,487536
18,91,109663
18,93,45496
18,95,129681
18,97,966183
18,99,46108
18,101,10079
18,103,35328
18,105,148219
18,107,38365
18,109,70707
18,111,13907
18,113,47832
18,115,5892
18,117,19651
18,119,20833
18,121,16871
18,123,19154
18,125,12378
18,127,170980
18,129,25275
18,131,12388
18,133,37469
18,135,24191
18,137,28448
18,139,16649
18,141,271484
18,143,23788
18,145,44871
18,147,20225
18,149,23049
18,151,34831
18,153,20578
18,155,10724
18,157,196115
18,159,15227
18,161,7119
18,163,182447
18,165,15329
18,167,106608
18,169,30784
18,171,8194
18,173,63269
18,175,28213
18,177,65778
18,179,28142
18,181,24165
18,183,34378
19,0,3163561
19,1,7059
19,3,3588
19,5,13642
19,7,12430
19,9,5481
19,11,25414
19,13,130786
19,15,26277
19,17,25311
19,19,21287
19,21,19772
19,23,14333
19,25,9473
19,27,19914
19,29,12817
19,31,18485
19,33,42103
19,35,11190
19,37,11834
19,39,9353
19,41,15976
19,43,17321
19,45,46392
19,47,16834
19,49,96963
19,51,9051
19,53,7769
19,55,16937
19,57,38708
19,59,17549
19,61,97590
19,63,9095
19,65,19258
19,67,15480
19,69,9971
19,71,6729
19,73,8795
19,75,12217
19,77,10737
19,79,14716
19,81,10507
19,83,16575
19,85,13928
19,87,19697
19,89,9176
19,91,9473
19,93,6833
19,95,16138
19,97,19205
19,99,37148
19,101,18347
19,103,153740
19,105,20617
19,107,10085
19,109,14680
19,111,33480
19,113,227854
19,115,11011
19,117,8518
19,119,11756
19,121,16521
19,123,22370
19,125,33168
19,127,39495
19,129,14766
19,131,10647
19,133,8598
19,135,7770
19,137,9935
19,139,42394
19,141,13679
19,143,5987
19,145,15073
19,147,8845
19,149,25219
19,151,6607
19,153,494281
19,155,93328
19,157,18381
19,159,4801
19,161,9603
19,163,173216
19,165,11430
19,167,35043
19,169,98237
19,171,16801
19,173,6092
19,175,12157
19,177,7069
19,179,34985
19,181,52265
19,183,21992
19,185,6415
19,187,35934
19,189,10277
19,191,19862
19,193,103138
19,195,7359
19,197,12416
20,0,2913805
20,1,12399
20,3,7949
20,5,16015
20,7,4358
20,9,25658
20,11,14435
20,13,9482
20,15,66992
20,17,2586
20,19,3230
20,21,19681
20,23,2600
20,25,1963
20,27,8025
20,29,8642
20,31,8158
20,33,1690
20,35,34628
20,37,38730
20,39,2776
20,41,18266
20,43,7496
20,45,122530
20,47,2750
20,49,2507
20,51,28671
20,53,6034
20,55,35917
20,57,33094
20,59,25703
20,61,32218
20,63,2621
20,65,2389
20,67,7077
20,69,5954
20,71,1196
20,73,5868
20,75,2425
20,77,5336
20,79,34291
20,81,3923
20,83,1779
20,85,13171
20,87,19032
20,89,2833
20,91,607220
20,93,3745
20,95,6974
20,97,2456
20,99,19586
20,101,1518
20,103,82246
20,105,2986
20,107,9654
20,109,2732
20,111,33045
20,113,28448
20,115,11652
20,117,9652
20,119,4029
20,121,34334
20,123,5879
20,125,31502
20,127,5559
20,129,2538
20,131,10121
20,133,15929
20,135,2768
20,137,5328
20,139,15770
20,141,3439
20,143,5712
20,145,6366
20,147,5181
20,149,24722
20,151,9127
20,153,2511
20,155,61793
20,157,4536
20,159,9362
20,161,73202
20,163,4827
20,165,2947
20,167,6804
20,169,53926
20,171,4790
20,173,519907
20,175,21038
20,177,175999
20,179,2520
20,181,5777
20,183,3544
20,185,4046
20,187,1969
20,189,5388
20,191,22578
20,193,7702
20,195,2758
20,197,6906
20,199,1536
20,201,5427
20,203,2074
20,205,8362
20,207,3015
20,209,165265
21,0,4477251
21,1,19555
21,3,21303
21,5,22833
21,7,7769
21,9,44300
21,11,12481
21,13,25482
21,15,135396
21,17,19901
21,19,46516
21,21,30367
21,23,8286
21,25,12550
21,27,20537
21,29,82182
21,31,12703
21,33,12687
21,35,39300
21,37,94020
21,39,4692
21,41,10730
21,43,26542
21,45,16066
21,47,71478
21,49,36463
21,51,19631
21,53,10110
21,55,8847
21,57,6523
21,59,101978
21,61,12235
21,63,7372
21,65,14109
21,67,324735
21,69,14603
21,71,34974
21,73,51118
21,75,5952
21,77,8779
21,79,17719
21,81,25387
21,83,36818
21,85,26480
21,87,10995
21,89,34865
21,91,8742
21,93,111309
21,95,25566
21,97,18920
21,99,19013
21,101,44740
21,103,16067
21,105,4364
21,107,44662
21,109,13340
21,111,767452
21,113,54057
21,115,22002
21,117,167949
21,119,14512
21,121,31022
21,123,14431
21,125,61238
21,127,15436
21,129,7268
21,131,9637
21,133,21213
21,135,13262
21,137,24466
21,139,9041
21,141,27416
21,143,8133
21,145,65644
21,147,17071
21,149,9075
21,151,94265
21,153,12017
21,155,19314
21,157,31163
21,159,11031
21,161,17035
21,163,28616
21,165,6502
21,167,21889
21,169,10058
21,171,10549
21,173,28186
21,175,13142
21,177,30457
21,179,46450
21,181,7234
21,183,23899
21,185,66999
21,187,11017
21,189,4331
21,191,14586
21,193,25456
21,195,57057
21,197,12218
21,199,65530
21,201,2136
21,203,16750
21,205,24682
21,207,17998
21,209,58470
21,211,49611
21,213,18635
21,215,19585
21,217,25707
21,219,12448
21,221,14776
21,223,8481
21,225,14443
21,227,134510
21,229,12147
21,231,20209
21,233,12923
21,235,36451
21,237,7106
21,239,26765
22,0,4645318
22,1,61918
22,3,25440
22,5,128665
22,7,21621
22,9,39966
22,11,37881
22,13,12983
22,15,127275
22,17,237479
22,19,203310
22,21,9839
22,23,7003
22,25,9226
22,27,15508
22,29,18914
22,31,27650
22,33,439729
22,35,6589
22,37,18882
22,39,33276
22,41,19723
22,43,22254
22,45,68991
22,47,32070
22,49,15574
22,51,432346
22,53,31208
22,55,246518
22,57,97596
22,59,15021
22,61,46552
22,63,143737
22,65,10635
22,67,24227
22,69,37655
22,71,389476
22,73,152439
22,75,23113
22,77,21529
22,79,128567
22,81,8286
22,83,20014
22,85,23803
22,87,47647
22,89,52987
22,91,10081
22,93,20727
22,95,42516
22,97,81440
22,99,52954
22,101,48330
22,103,263446
22,105,136765
22,107,4178
22,109,109859
22,111,22170
22,113,59378
22,115,47894
22,117,45773
22,119,37943
22,121,26792
22,123,10646
22,125,15465
22,127,13839
23,0,1350141
23,1,108547
23,3,66804
23,5,298111
23,7,29986
23,9,55088
23,11,122955
23,13,39951
23,15,34775
23,17,58132
23,19,151655
23,21,16996
23,23,36044
23,25,50635
23,27,39923
23,29,31473
23,31,209066
24,0,6055802
24,1,70057
24,3,582777
24,5,826017
24,9,93072
24,11,33492
24,13,169092
24,15,103419
24,17,164436
24,19,31853
24,21,265161
24,23,28852
24,25,256805
24,27,328200
24,29,19192
24,31,1051816
24,33,909612
24,35,51167
24,37,114687
24,39,25453
24,41,36972
24,43,151146
24,45,103990
24,47,52403
24,510,586131
25,0,6893574
25,1,213164
25,3,124571
25,5,566765
25,7,17461
25,9,791263
25,11,70267
25,13,463986
25,15,161401
25,17,1609379
25,19,11376
25,21,709409
25,23,523738
25,25,801582
25,27,829212
26,0,9966555
26,1,10505
26,3,9015
26,5,118927
26,7,28238
26,9,23449
26,11,14953
26,13,8164
26,15,62061
26,17,102387
26,19,17852
26,21,153025
26,23,43424
26,25,133580
26,27,51584
26,29,26105
26,31,25365
26,33,36958
26,35,30771
26,37,79753
26,39,13981
26,41,35612
26,43,25112
26,45,110148
26,47,33342
26,49,404794
26,51,25424
26,53,13842
26,55,93592
26,57,40283
26,59,45658
26,61,35126
26,63,30653
26,65,290609
26,67,64553
26,69,25140
26,71,11066
26,73,69504
26,75,156920
26,77,265988
26,79,18003
26,81,658708
26,83,2119
26,85,11587
26,87,87635
26,89,21743
26,91,97808
26,93,192335
26,95,6126
26,97,10839
26,99,870791
26,101,24738
26,103,65834
26,105,29164
26,107,43907
26,109,22608
26,111,83441
26,113,15152
26,115,150568
26,117,63476
26,119,9337
26,121,173883
26,123,49348
26,125,1253459
26,127,26819
26,129,20923
26,131,5656
26,133,23466
26,135,8368
26,137,24765
26,139,294635
26,141,12665
26,143,23986
26,145,189868
26,147,159293
26,149,60848
26,151,40747
26,153,8104
26,155,67738
26,157,52289
26,159,75474
26,161,366473
26,163,1740623
26,165,33743
27,0,5657342
27,1,15848
27,3,359921
27,5,34456
27,7,47442
27,9,40958
27,11,4923
27,13,68241
27,15,24846
27,17,35769
27,19,106565
27,21,29928
27,23,11758
27,25,56794
27,27,64690
27,29,9017
27,31,5417
27,33,11242
27,35,65644
27,37,431807
27,39,20987
27,41,38328
27,43,13601
27,45,21135
27,47,30364
27,49,46318
27,51,6026
27,53,1268408
27,55,18632
27,57,21783
27,59,41429
27,61,45268
27,63,9768
27,65,16416
27,67,43130
27,69,4214
27,71,12059
27,73,6527
27,75,10639
27,77,3754
27,79,28741
27,81,5568
27,83,25271
27,85,35710
27,87,5473
27,89,9321
27,91,19484
27,93,23341
27,95,26146
27,97,33187
27,99,40150
27,101,8155
27,103,34482
27,105,21400
27,107,6338
27,109,159298
27,111,58741
27,113,13874
27,115,29359
27,117,9121
27,119,30900
27,121,11277
27,123,547903
27,125,4046
27,127,15079
27,129,14403
27,131,67084
27,133,9301
27,135,15117
27,137,198538
27,139,150689
27,141,98811
27,143,14715
27,145,162038
27,147,36596
27,149,9765
27,151,9176
27,153,24732
27,155,3218
27,157,21642
27,159,13807
27,161,18550
27,163,265476
27,165,10792
27,167,6161
27,169,50485
27,171,140249
27,173,9580
28,0,2966786
28,1,30275
28,3,36889
28,5,12205
28,7,18004
28,9,8351
28,11,30142
28,13,14241
28,15,9732
28,17,16951
28,19,8063
28,21,8911
28,23,15299
28,25,19352
28,27,21564
28,29,27933
28,31,18518
28,33,188275
28,35,75009
28,37,7657
28,39,24425
28,41,13477
28,43,20610
28,45,48000
28,47,208801
28,49,227966
28,51,16726
28,53,7827
28,55,1220
28,57,23261
28,59,143802
28,61,16332
28,63,6997
28,65,10890
28,67,67993
28,69,9521
28,71,54408
28,73,64165
28,75,73751
28,77,12480
28,79,22741
28,81,85466
28,83,27854
28,85,33936
28,87,58309
28,89,106871
28,91,24441
28,93,35301
28,95,35123
28,97,9661
28,99,28996
28,101,20866
28,103,10236
28,105,49789
28,107,33848
28,109,55876
28,111,11862
28,113,38997
28,115,32461
28,117,25013
28,119,6760
28,121,155975
28,123,28061
28,125,4160
28,127,26629
28,129,15779
28,131,18360
28,133,24740
28,135,13707
28,137,28539
28,139,21748
28,141,19275
28,143,9392
28,145,28866
28,147,14294
28,149,44841
28,151,42837
28,153,20317
28,155,9676
28,157,8351
28,159,17845
28,161,11982
28,163,26982
29,0,6151548
29,1,25399
29,3,17586
29,5,5096
29,7,24835
29,9,35818
29,11,11592
29,13,16242
29,15,19627
29,17,12111
29,19,182991
29,21,86530
29,23,42178
29,25,9051
29,27,44887
29,29,46414
29,31,79512
29,33,8554
29,35,5991
29,37,106806
29,39,14322
29,41,7360
29,43,90655
29,45,6830
29,47,253463
29,49,20553
29,51,76191
29,53,17102
29,55,23739
29,57,7568
29,59,17219
29,61,8283
29,63,10944
29,65,15481
29,67,13344
29,69,28878
29,71,104469
29,73,14566
29,75,6484
29,77,294997
29,79,9595
29,81,8321
29,83,22076
29,85,9586
29,87,4232
29,89,10001
29,91,40262
29,93,10098
29,95,705925
29,97,121648
29,99,226543
29,101,54219
29,103,3940
29,105,35895
29,107,33006
29,109,38175
29,111,9810
29,113,60119
29,115,11830
29,117,14413
29,119,22900
29,121,15095
29,123,12113
29,125,8795
29,127,28423
29,129,3558
29,131,25791
29,133,12691
29,135,15585
29,137,8672
29,139,11294
29,141,20716
29,143,16693
29,145,58451
29,147,21743
29,149,10411
29,151,13535
29,153,9083
29,155,15600
29,157,19194
29,159,42490
29,161,44414
29,163,17552
29,165,106532
29,167,32490
29,169,52709
29,171,4688
29,173,10299
29,175,24409
29,177,22915
29,179,6198
29,181,13300
29,183,406204
29,185,9689
29,186,17924
29,187,66485
29,189,994020
29,195,22858
29,197,4534
29,199,4871
29,201,38288
29,203,8203
29,205,5919
29,207,29001
29,209,32465
29,211,6033
29,213,56104
29,215,25112
29,217,20388
29,219,36594
29,221,24604
29,223,12769
29,225,39859
29,227,1953
29,229,18325
29,510,297645
30,0,1080577
30,1,9483
30,3,13063
30,5,6568
30,7,6444
30,9,10921
30,11,1235
30,13,81346
30,15,5699
30,17,11292
30,19,1638
30,21,8555
30,23,9204
30,25,2826
30,27,11104
30,29,105851
30,31,116806
30,33,1268
30,35,13594
30,37,827
30,39,3317
30,41,16358
30,43,12360
30,45,1994
30,47,30986
30,49,70229
30,51,2369
30,53,20343
30,55,1648
30,57,8959
30,59,1831
30,61,4544
30,63,121630
30,65,4669
30,67,16760
30,69,500
30,71,3919
30,73,5782
30,75,1681
30,77,6817
30,79,1067
30,81,45002
30,83,11043
30,85,10964
30,87,8836
30,89,12157
30,91,3261
30,93,35180
30,95,9888
30,97,3684
30,99,6249
30,101,4686
30,103,695
30,105,7359
30,107,2157
30,109,939
30,111,162990
31,0,1937552
31,1,31321
31,3,6264
31,5,466
31,7,786
31,9,457
31,11,5096
31,13,10696
31,15,1860
31,17,2981
31,19,50114
31,21,6477
31,23,7960
31,25,26232
31,27,8414
31,29,3840
31,31,5781
31,33,9111
31,35,6216
31,37,10587
31,39,8798
31,41,10626
31,43,20070
31,45,8361
31,47,23510
31,49,1793
31,51,5596
31,53,36222
31,55,574332
31,57,1671
31,59,5519
31,61,2940
31,63,2587
31,65,4653
31,67,21431
31,69,1847
31,71,1956
31,73,1986
31,75,630
31,77,2319
31,79,61028
31,81,9237
31,83,3311
31,85,916
31,87,2773
31,89,9956
31,91,647
31,93,6488
31,95,7099
31,97,5057
31,99,6652
31,101,7983
31,103,759
31,105,3495
31,107,8304
31,109,320650
31,111,34347
31,113,747
31,115,650
31,117,474
31,119,34813
31,121,7809
31,123,4625
31,125,3532
31,127,7044
31,129,4134
31,131,15965
31,133,2601
31,135,2867
31,137,9006
31,139,7184
31,141,33364
31,143,5201
31,145,10627
31,147,7791
31,149,1377
31,151,13987
31,153,188856
31,155,21927
31,157,35299
31,159,17186
31,161,5150
31,163,2986
31,165,1200
31,167,5880
31,169,4887
31,171,739
31,173,7220
31,175,4103
31,177,20901
31,179,9492
31,181,3419
31,183,790
31,185,13511
32,0,3138259
32,1,25363
32,3,2315963
32,5,49088
32,7,53006
32,9,886
32,11,2065
32,13,16962
32,15,5514
32,17,5159
32,19,58319
32,21,4518
32,23,48054
32,27,6573
32,29,4207
32,31,477082
32,33,9466
32,510,56034
33,0,1366275
33,1,61551
33,3,49167
33,5,76228
33,7,31174
33,9,90691
33,11,418735
33,13,152622
33,15,311307
33,17,131533
33,19,43267
34,0,8882371
34,1,262945
34,3,930394
34,5,446596
34,7,506809
34,9,91546
34,11,147008
34,13,800501
34,15,293245
34,17,671666
34,19,124797
34,21,367239
34,23,822736
34,25,618381
34,27,491087
34,29,614237
34,31,500382
34,33,62451
34,35,329331
34,37,140002
34,39,555394
34,41,105624
35,0,2106319
35,1,681666
35,3,3623
35,5,64711
35,6,26354
35,7,11927
35,9,48793
35,11,1673
35,13,221262
35,15,58418
35,17,27007
35,19,4275
35,21,638
35,23,4106
35,25,71830
35,27,19939
35,28,19462
35,29,23905
35,31,70824
35,33,4478
35,35,67967
35,37,8197
35,39,38521
35,41,18350
35,43,148904
35,45,123312
35,47,27144
35,49,151946
35,51,10867
35,53,16541
35,55,32593
35,57,15486
35,59,4026
35,61,77574
36,0,19336776
36,1,303654
36,3,45587
36,5,1401142
36,7,189420
36,9,75863
36,11,76029
36,13,126032
36,15,82622
36,17,46730
36,19,79778
36,21,59534
36,23,47173
36,25,43938
36,27,293293
36,29,917241
36,31,36891
36,33,49965
36,35,52812
36,37,56994
36,39,47177
36,41,4345
36,43,60945
36,45,108095
36,47,2538934
36,49,26187
36,51,62398
36,53,70478
36,55,740900
36,57,49170
36,59,1351334
36,61,1611989
36,63,208396
36,65,227346
36,67,459214
36,69,110091
36,71,385234
36,73,39978
36,75,116346
36,77,58701
36,79,98532
36,81,2225821
36,83,158108
36,85,475327
36,87,326225
36,89,107185
36,91,230298
36,93,155358
36,95,31132
36,97,17685
36,99,33991
36,101,94657
36,103,1474273
36,105,75802
36,107,47904
36,109,101058
36,111,177716
36,113,63756
36,115,60606
36,117,89339
36,119,965802
36,121,39465
36,123,24780
37,0,10600823
37,1,171346
37,3,37441
37,5,11194
37,7,24097
37,9,27166
37,11,17571
37,13,47073
37,15,18712
37,17,32911
37,19,149039
37,21,263477
37,23,90418
37,25,221479
37,27,82100
37,29,10984
37,31,69558
37,33,22443
37,35,160307
37,37,75748
37,39,29073
37,41,13815
37,43,11505
37,45,99035
37,47,54754
37,49,101233
37,51,336364
37,53,29052
37,55,37547
37,57,169234
37,59,43286
37,61,58794
37,63,327306
37,65,50829
37,67,383843
37,69,71859
37,71,226568
37,73,11464
37,75,8474
37,77,60486
37,79,20928
37,81,540521
37,83,49479
37,85,137058
37,87,62972
37,89,118445
37,91,23108
37,93,55830
37,95,4843
37,97,185770
37,99,44033
37,101,216246
37,103,9250
37,105,62353
37,107,55720
37,109,88097
37,111,45782
37,113,35994
37,115,21740
37,117,22178
37,119,1128945
37,121,14881
37,123,27238
37,125,103352
37,127,94859
37,129,236613
37,131,19088
37,133,203943
37,135,149077
37,137,12715
37,139,40372
37,141,64671
37,143,13667
37,145,39925
37,147,182924
37,149,21030
37,151,144557
37,153,44332
37,155,129999
37,157,91285
37,159,142495
37,161,67076
37,163,63382
37,165,34637
37,167,63239
37,169,45743
37,171,71683
37,173,14179
37,175,34498
37,177,3774
37,179,244562
37,181,44718
37,183,1132271
37,185,19522
37,187,11485
37,189,56441
37,191,123967
37,193,68043
37,195,81979
37,197,37625
37,199,18099
38,0,765309
38,1,2188
38,3,10402
38,5,6762
38,7,890
38,9,6287
38,11,2986
38,13,2118
38,15,96212
38,17,183904
38,19,3713
38,21,4705
38,23,2277
38,25,4465
38,27,2179
38,29,3187
38,31,3165
38,33,1737
38,35,69481
38,37,2215
38,39,2207
38,41,2438
38,43,2458
38,45,4033
38,47,1880
38,49,5695
38,51,2440
38,53,15242
38,55,9416
38,57,8174
38,59,31503
38,61,10502
38,63,2789
38,65,1926
38,67,6658
38,69,3928
38,71,11388
38,73,5173
38,75,2283
38,77,16156
38,79,14165
38,81,3913
38,83,1275
38,85,4173
38,87,747
38,89,32107
38,91,1890
38,93,20498
38,95,2108
38,97,7959
38,99,10437
38,101,68466
38,103,3709
38,105,38700
39,0,11693217
39,1,27531
39,3,101980
39,5,53362
39,7,96513
39,9,65481
39,11,45680
39,13,65932
39,15,43414
39,17,385648
39,19,26897
39,21,38960
39,23,133593
39,25,207449
39,27,41921
39,29,101118
39,31,36449
39,33,41338
39,35,1227883
39,37,51205
39,39,37778
39,41,213554
39,43,73719
39,45,159709
39,47,28579
39,49,1324624
39,51,41889
39,53,29802
39,55,93271
39,57,170122
39,59,38779
39,61,817985
39,63,75407
39,65,31469
39,67,15014
39,69,26904
39,71,43304
39,73,28095
39,75,44004
39,77,57979
39,79,32493
39,81,64939
39,83,62423
39,85,229569
39,87,59091
39,89,178100
39,91,45326
39,93,312172
39,95,428294
39,97,44559
39,99,226075
39,101,64820
39,103,180912
39,105,22678
39,107,41274
39,109,107516
39,111,13586
39,113,531610
39,115,14305
39,117,35411
39,119,86020
39,121,14364
39,123,40253
39,125,18648
39,127,36215
39,129,58658
39,131,27695
39,133,162583
39,135,40836
39,137,33654
39,139,120891
39,141,76420
39,143,58351
39,145,74347
39,147,54938
39,149,48337
39,151,369772
39,153,538866
39,155,196800
39,157,91776
39,159,60021
39,161,28159
39,163,12972
39,165,238412
39,167,59652
39,169,115694
39,171,36565
39,173,131113
39,175,21711
40,0,3980783
40,1,21955
40,3,5718
40,5,13912
40,7,5207
40,9,21468
40,11,9447
40,13,48998
40,15,28684
40,17,153192
40,19,48353
40,21,49019
40,23,14646
40,25,2145
40,27,287066
40,29,5587
40,31,121099
40,33,5676
40,35,14194
40,37,71485
40,39,28648
40,41,43136
40,43,4815
40,45,3830
40,47,60869
40,49,27691
40,51,55906
40,53,4372
40,55,5704
40,57,2557
40,59,3611
40,61,12652
40,63,13126
40,65,24305
40,67,5949
40,69,10824
40,71,43274
40,73,15806
40,75,8741
40,77,10132
40,79,49935
40,81,35045
40,83,48777
40,85,10230
40,87,41348
40,89,32772
40,91,19635
40,93,7579
40,95,17114
40,97,41152
40,99,13955
40,101,67610
40,103,11113
40,105,10076
40,107,11765
40,109,804041
40,111,38234
40,113,46642
40,115,30879
40,117,16381
40,119,81755
40,121,43679
40,123,38397
40,125,72998
40,127,10970
40,129,3570
40,131,93155
40,133,24248
40,135,41538
40,137,43100
40,139,19997
40,141,7229
40,143,657589
40,145,82925
40,147,52222
40,149,10830
40,151,8687
40,153,19812
41,0,4241507
41,1,16284
41,3,93239
41,5,421596
41,7,40423
41,9,52876
41,11,64711
41,13,25105
41,15,23305
41,17,201769
41,19,111364
41,21,1975
41,23,7180
41,25,7373
41,27,23280
41,29,221844
41,31,24856
41,33,88053
41,35,68739
41,37,7949
41,39,382986
41,41,50583
41,43,131054
41,45,30983
41,47,349204
41,49,11700
41,51,815637
41,53,87744
41,55,1801
41,57,27442
41,59,77752
41,61,26551
41,63,7181
41,65,26403
41,67,603514
41,69,1387
41,71,107664
42,0,12783254
42,1,102742
42,3,1211358
42,5,64162
42,7,162575
42,9,47817
42,11,421017
42,13,121007
42,15,60221
42,17,627987
42,19,189135
42,21,128672
42,23,4330
42,25,64081
42,27,161496
42,29,526759
42,31,38305
42,33,78612
42,35,37957
42,37,64842
42,39,83697
42,41,255857
42,43,279874
42,45,566753
42,47,29607
42,49,268426
42,51,128126
42,53,6965
42,55,155637
42,57,14501
42,59,35621
42,61,44590
42,63,83664
42,65,43108
42,67,24619
42,69,208989
42,71,546192
42,73,85083
42,75,141663
42,77,370802
42,79,316982
42,81,113209
42,83,40333
42,85,108545
42,87,46064
42,89,170154
42,91,833869
42,93,18042
42,95,305892
42,97,90258
42,99,46212
42,101,1578487
42,103,56072
42,105,16453
42,107,140709
42,109,40317
42,111,72916
42,113,5913
42,115,40006
42,117,40381
42,119,44294
42,121,50328
42,123,38911
42,125,206803
42,127,51163
42,129,347087
42,131,26557
42,133,450448
44,0,1057125
44,1,48350
44,3,164646
44,5,81836
44,7,636547
44,9,125746
45,0,5218040
45,1,24404
45,3,172895
45,5,8331
45,7,204353
45,9,13906
45,11,20805
45,13,195656
45,15,235987
45,17,14554
45,19,417981
45,21,57316
45,23,32232
45,25,45606
45,27,33415
45,29,37481
45,31,66509
45,33,30367
45,35,165737
45,37,27120
45,39,22059
45,41,137588
45,43,63353
45,45,532486
45,47,71074
45,49,18053
45,51,365449
45,53,31588
45,55,67472
45,57,100926
45,59,67883
45,61,16701
45,63,303946
45,65,9430
45,67,30158
45,69,25581
45,71,38445
45,73,80015
45,75,85343
45,77,127983
45,79,419051
45,81,20315
45,83,326205
45,85,106360
45,87,26991
45,89,29825
45,91,289105
46,0,892717
46,3,2730
46,5,18513
46,7,3399
46,9,6848
46,11,35603
46,13,38738
46,15,5254
46,17,1956
46,19,10538
46,21,1380
46,23,9262
46,25,3802
46,27,14246
46,29,28186
46,31,4031
46,33,9017
46,35,19812
46,37,5345
46,39,4346
46,41,5789
46,43,2906
46,45,3817
46,47,6708
46,49,2306
46,51,7000
46,53,4219
46,55,1861
46,57,6234
46,59,3127
46,61,3489
46,63,1311
46,65,17336
46,67,7282
46,69,1281
46,71,3321
46,73,1985
46,75,938
46,77,4987
46,79,12488
46,81,26221
46,83,63019
46,85,3797
46,87,5520
46,89,2363
46,91,4884
46,93,28588
46,95,2089
46,97,2202
46,99,196659
46,101,6525
46,102,14070
46,103,115926
46,105,2832
46,107,2163
46,109,10331
46,111,2322
46,115,6319
46,117,3121
46,119,1391
46,121,10313
46,123,5377
46,125,8368
46,127,16192
46,129,5336
46,135,22742
46,137,2656
47,0,6886834
47,1,77558
47,3,50179
47,5,16131
47,7,15223
47,9,134751
47,11,109071
47,13,39837
47,15,14847
47,17,27779
47,19,56418
47,21,41101
47,23,17432
47,25,32023
47,27,7629
47,29,36225
47,31,57632
47,33,14180
47,35,61603
47,37,694176
47,39,11601
47,41,20837
47,43,54376
47,45,36693
47,47,41620
47,49,18787
47,51,42485
47,53,49159
47,55,29530
47,57,23565
47,59,69571
47,61,13485
47,63,65110
47,65,371662
47,67,6493
47,69,24836
47,71,25583
47,73,56775
47,75,17002
47,77,28076
47,79,32056
47,81,25387
47,83,8292
47,85,18590
47,87,11864
47,89,55307
47,91,17849
47,93,475609
47,95,6988
47,97,25451
47,99,44432
47,101,12363
47,103,34540
47,105,54910
47,107,54208
47,109,25696
47,111,24827
47,113,98360
47,115,28924
47,117,35016
47,119,99590
47,121,12532
47,123,47177
47,125,214251
47,127,6438
47,129,21431
47,131,30131
47,133,22566
47,135,8099
47,137,5061
47,139,16835
47,141,80929
47,143,33443
47,145,53841
47,147,72275
47,149,339261
47,151,22090
47,153,15176
47,155,99244
47,157,936017
47,159,20285
47,161,13859
47,163,158755
47,165,195561
47,167,61918
47,169,11455
47,171,17755
47,173,20187
47,175,5947
47,177,41605
47,179,130367
47,181,16524
47,183,33334
47,185,27707
47,187,245348
47,189,148130
48,0,29360759
48,1,57805
48,3,18879
48,5,86796
48,7,23814
48,9,8730
48,11,1869
48,13,51724
48,15,29972
48,17,6697
48,19,23861
48,21,91601
48,23,3518
48,25,32513
48,27,369927
48,29,2026823
48,31,12269
48,33,706
48,35,18603
48,37,93481
48,39,380518
48,41,232555
48,43,9237
48,45,1487
48,47,6964
48,49,37633
48,51,18514
48,53,49653
48,55,43979
48,57,21001
48,59,14110
48,61,424180
48,63,13060
48,65,5854
48,67,29879
48,69,7396
48,71,45590
48,73,52875
48,75,7143
48,77,10550
48,79,2897
48,81,3323
48,83,8100
48,85,1072069
48,87,2877
48,89,21610
48,91,164812
48,93,13750
48,95,2827
48,97,41393
48,99,76737
48,101,1363
48,103,4765
48,105,3513
48,107,5567
48,109,2149
48,111,7273
48,113,2635888
48,115,12974
48,117,18277
48,119,5349
48,121,919324
48,123,20174
48,125,2140
48,127,9925
48,129,3308
48,131,11058
48,133,18388
48,135,167701
48,137,1923
48,139,191760
48,141,841286
48,143,43224
48,145,17275
48,147,35913
48,149,25547
48,151,3784
48,153,5672
48,155,1135
48,157,839706
48,159,10821
48,161,19874
48,163,20379
48,165,21996
48,167,345089
48,169,6222
48,171,26960
48,173,1439
48,175,7626
48,177,20948
48,179,21658
48,181,138318
48,183,124229
48,185,29614
48,187,170608
48,189,32754
48,191,2939
48,193,8557
48,195,5279
48,197,4011
48,199,58305
48,201,4738253
48,203,66386
48,205,5443
48,207,5754
48,209,241365
48,211,3777
48,213,83792
48,215,875200
48,217,37006
48,219,22921
48,221,63527
48,223,37170
48,225,22835
48,227,36540
48,229,4906
48,231,99807
48,233,20677
48,235,1564
48,237,9056
48,239,14854
48,241,35375
48,243,2220
48,245,250127
48,247,5184
48,249,40452
48,251,179575
48,253,19875
48,255,15562
48,257,143198
48,259,48523
48,261,379
48,263,786
48,265,52869
48,267,4396
48,269,283
48,271,3670
48,273,30338
48,275,3683
48,277,49905
48,279,12710
48,281,21789
48,283,7500
48,285,20216
48,287,17397
48,289,17493
48,291,91547
48,293,23340
48,295,3111
48,297,12324
48,299,21958
48,301,181
48,303,314772
48,305,6025
48,307,7823
48,309,259730
48,311,721
48,313,14427
48,315,9960
48,317,5816
48,319,4344
48,321,36725
48,323,58378
48,325,52358
48,327,2124
48,329,177863
48,331,24708
48,333,4840
48,335,8202
48,337,19962
48,339,626351
48,341,20654
48,343,12393
48,345,1185
48,347,64753
48,349,50694
48,351,13414
48,353,14835
48,355,363148
48,357,9598
48,359,2135
48,361,82878
48,363,29320
48,365,23187
48,367,148198
48,369,9522
48,371,15718
48,373,52995
48,375,116004
48,377,6508
48,379,12552
48,381,139899
48,383,3833
48,385,3411
48,387,11995
48,389,15949
48,391,6877
48,393,813
48,395,17155
48,397,109888
48,399,10401
48,401,54324
48,403,10507
48,405,8248
48,407,29301
48,409,67069
48,411,6039
48,413,2761
48,415,16662
48,417,3300
48,419,24915
48,421,3027
48,423,235806
48,425,9139
48,427,64266
48,429,9334
48,431,1315
48,433,1348
48,435,3738
48,437,7340
48,439,2123347
48,441,139200
48,443,702
48,445,12183
48,447,1487
48,449,32926
48,451,120010
48,453,1300503
48,455,14883
48,457,21591
48,459,42166
48,461,3623
48,463,26742
48,465,49028
48,467,57533
48,469,91936
48,471,72164
48,473,57452
48,475,12097
48,477,35771
48,479,277681
48,481,41685
48,483,4946
48,485,133205
48,487,12552
48,489,21161
48,491,617855
48,493,52023
48,495,7887
48,497,71084
48,499,46291
48,501,8702
48,503,17904
48,505,14172
48,507,11840
49,0,3249879
49,1,6761
49,3,57007
49,5,130004
49,7,20760
49,9,1026
49,11,359232
49,13,19894
49,15,10147
49,17,5050
49,19,9796
49,21,56814
49,23,12122
49,25,7914
49,27,13327
49,29,12462
49,31,1473
49,33,2452
49,35,1165517
49,37,15278
49,39,31393
49,41,21780
49,43,42499
49,45,74512
49,47,35970
49,49,651059
49,51,35300
49,53,184913
49,55,2759
49,57,262658
50,0,623347
50,1,36851
50,3,35338
50,5,29705
50,7,164306
50,9,6123
50,11,49685
50,13,7169
50,15,25341
50,17,28837
50,19,26897
50,21,57764
50,23,58328
50,25,42015
50,27,54988
51,0,8590563
51,1,32238
51,3,110652
51,5,14701
51,7,13014
51,9,31667
51,11,16043
51,13,240119
51,15,76544
51,17,4119
51,19,79811
51,21,6239
51,23,33633
51,25,16037
51,27,20613
51,29,17168
51,31,55304
51,33,30860
51,35,30074
51,36,6821
51,37,11820
51,41,358245
51,43,14622
51,45,5077
51,47,53569
51,49,9933
51,51,14078
51,53,28688
51,57,10943
51,59,1150847
51,61,71361
51,63,15777
51,65,27422
51,67,56167
51,69,91119
51,71,16663
51,73,37459
51,75,24431
51,77,15493
51,79,20131
51,81,11280
51,83,33633
51,85,108262
51,87,333766
51,89,50309
51,91,2200
51,93,37725
51,95,77612
51,97,6942
51,99,27381
51,101,17641
51,103,10618
51,105,23238
51,107,422784
51,109,38132
51,111,12267
51,113,13312
51,115,8766
51,117,30679
51,119,10569
51,121,98391
51,125,14755
51,127,23648
51,131,11673
51,133,12069
51,135,15160
51,137,37695
51,139,23933
51,141,17493
51,143,59850
51,145,30148
51,147,23006
51,149,38686
51,153,475533
51,155,33935
51,157,7260
51,159,9071
51,161,94509
51,163,22757
51,165,82346
51,167,26647
51,169,21629
51,171,43905
51,173,30090
51,175,17636
51,177,138449
51,179,156748
51,181,6385
51,183,10925
51,185,40529
51,187,40475
51,191,53695
51,193,18149
51,195,37206
51,197,28620
51,199,69199
51,510,158726
51,520,17329
51,530,6402
51,540,46950
51,550,247011
51,570,17205
51,580,5639
51,590,39869
51,595,5257
51,600,23429
51,610,14631
51,620,7833
51,630,29492
51,640,6296
51,650,135464
51,660,53204
51,670,22375
51,678,7279
51,680,81561
51,683,40869
51,685,18004
51,690,12355
51,700,179062
51,710,242803
51,720,3985
51,730,30446
51,735,12257
51,740,95094
51,750,18255
51,760,232226
51,770,99058
51,775,25340
51,790,25190
51,800,93913
51,810,451231
51,820,22741
51,830,15259
51,840,27700
53,0,7693612
53,1,20027
53,3,22820
53,5,206426
53,7,77574
53,9,78067
53,11,496865
53,13,4048
53,15,111371
53,17,43560
53,19,7759
53,21,97075
53,23,2290
53,25,99377
53,27,75950
53,29,86014
53,31,32700
53,33,2274315
53,35,272787
53,37,49204
53,39,22697
53,41,82109
53,43,11090
53,45,68224
53,47,42620
53,49,22984
53,51,14144
53,53,913890
53,55,17492
53,57,130789
53,59,12107
53,61,830393
53,63,528225
53,65,46360
53,67,294074
53,69,4498
53,71,61292
53,73,231016
53,75,49500
53,77,251879
54,0,1784787
54,1,16444
54,3,122125
54,5,21055
54,7,13702
54,9,21674
54,11,91589
54,13,6945
54,15,8341
54,17,8368
54,19,42062
54,21,7811
54,23,11510
54,25,34319
54,27,23190
54,29,28571
54,31,13633
54,33,66870
54,35,28453
54,37,57486
54,39,176253
54,41,15805
54,43,20043
54,45,31688
54,47,16916
54,49,55962
54,51,30103
54,53,26335
54,55,58258
54,57,26722
54,59,22951
54,61,106819
54,63,13229
54,65,17873
54,67,24340
54,69,41182
54,71,6932
54,73,7438
54,75,8190
54,77,33380
54,79,56428
54,81,72920
54,83,28387
54,85,9499
54,87,13482
54,89,12444
54,91,16699
54,93,6816
54,95,8533
54,97,24230
54,99,39054
54,101,8058
54,103,14904
54,105,5705
54,107,82938
54,109,20123
55,0,5832655
55,1,20498
55,3,15415
55,5,45090
55,7,15242
55,9,264610
55,11,13033
55,13,15557
55,15,50209
55,17,64737
55,19,34720
55,21,57668
55,23,16021
55,25,552536
55,27,87336
55,29,27889
55,31,43702
55,33,45452
55,35,105260
55,37,4298
55,39,102902
55,41,8960
55,43,51021
55,45,36603
55,47,18908
55,49,23640
55,51,5698
55,53,20630
55,55,85038
55,57,26908
55,59,169671
55,61,20386
55,63,118502
55,65,16646
55,67,19119
55,69,27566
55,71,78757
55,73,135593
55,75,40262
55,77,15585
55,78,4546
55,79,945016
55,81,46582
55,83,38383
55,85,35751
55,87,188766
55,89,90043
55,91,7271
55,93,42700
55,95,43794
55,97,71032
55,99,13245
55,101,195802
55,103,17258
55,105,163084
55,107,14022
55,109,91838
55,111,64449
55,113,16700
55,115,40786
55,117,115240
55,119,20318
55,121,29681
55,123,30861
55,125,22356
55,127,103953
55,129,15712
55,131,136445
55,133,406172
55,135,50664
55,137,24326
55,139,171631
55,141,72560
56,0,582328
56,1,38950
56,3,11575
56,5,46676
56,7,14711
56,9,13804
56,11,7593
56,13,39317
56,15,13235
56,17,4425
56,19,8588
56,21,100595
56,23,20253
56,25,80815
56,27,2275
56,29,29331
56,31,8578
56,33,30863
56,35,9856
56,37,42673
56,39,23497
56,41,20215
56,43,7760
56,45,6743
